;0x0037dD60F7a4393587b6dcE2c6dDDd4508D38E32;Binance Smart Chain;BXZ97TIX629AHNSPDI3ICWFCRUTRJUMK2Q
;0x004e3Fe60Da5C19143e3089cCC5D2a0F6Eb5F4D9;Binance Smart Chain;
;0x004eccB6fD0dab797aeb0Eb1045c4fA523D78B91;Ethereum;
;0x011Ad4d895Cef73EAFE18511D6F5f38266DC2027;Ethereum;
;0x01358Cf1c74D8614f6Ab6e2B2121921A78289dEc;Ethereum;
;0x01368f7aa6F1AD5D0ce99b0f37E994E874F630b4;Binance Smart Chain;
;0x014d749B6a6ca4Fb10cD0b827E47531Fa6574307;Binance Smart Chain;
;0x015befB758090caF23Caf09dCDC107426BB1f07b;Ethereum;
;0x01aF730c3A9386d17bF852Cfd011B70Db90013F2;Binance Smart Chain;
;0x01B047480C43F9A312b44740f6df3658Cb1c7Aa7;Ethereum;
;0x01C08C7C1Ab853cefD762b179EdB73e3321444e5;Binance Smart Chain;
;0x01cD36786eEFe0726967d11b36c3C1e30779730B;Binance Smart Chain;
;0x020275924B4166A4F77fAE5b61E4B2E7Fe42B01c;Binance Smart Chain;
;0x020C0C501ebEBC50208FE086c026728864B8c9Ee;Binance Smart Chain;
;0x02b24fF4BDD38c09Cee33C9231454e59F1f36Cbf;Binance Smart Chain;
;0x02C9B381b0B2B15ea35A4e835A5eF9510c9cdb90;Ethereum;
;0x0316196C7d2bc1354723D3FbF445F783D8FebE53;Binance Smart Chain;
;0x035e6f2a066a64499b3D7c8c36606bbAEA61f7D4;Binance Smart Chain;
;0x03890B11Da2F0fA32DeB3b31921291e7F79F4e9a;Binance Smart Chain;
;0x03Bf729b3a0fDCc56F30450259f69fB6a036cB61;Ethereum;
;0x03EbaC028BdCa54B8990BA2bc6bB1D122D9525AD;Ethereum;
;0x0448b99214c85013cd3e5e25cb1a421c96e7c060;Ethereum;
;0x044a82E965b6A9181b634E2F81B76709a1CBBc41;Binance Smart Chain;
;0x0483f638aa1121dE59e41d626179A5a5348C4896;Binance Smart Chain;
;0x0502EDF91636645fb09F71d3Cd421b05F75BC016;Ethereum;
;0x051955049031dfd0B8FBce6dD2d6187d4aBcbE79;Ethereum;
;0x0544868B896316A53B01090A7c4505353B008C15;Ethereum;
;0x056615f0364429A85Fd9BEa32E3f27A916C84BFB;Ethereum;
;0x05Ab4c6AB83658e88ff785Ca1E78d1519762BaDb;Ethereum;
;0x05C291fcDADb1C67740aF58827351f1591867381;Ethereum;
;0x05de4af98481dc6ca566679bee656d1d6ac6999d;Binance Smart Chain;
;0x06242eb9D2a6E80a98225E5a95F978c8E1A081FF;Ethereum;
;0x06783487Ef7579d65A619B8A16abAF3497fbA4bc;Binance Smart Chain;
;0x0710DF665B537CDB59205391Fcd0e78D4B9F7E1e;Binance Smart Chain;
;0x0756ff2d765377f4d1040ec6eb327c993fda424a;Ethereum;
;0x0757C4f0c97e1D3703661C4Fa3D6280Ec2d74d5F;Ethereum;
;0x079A13288f70B52D927A345C004376c500414121;Ethereum;
;0x0850244809cA8084E7eBa234B06b920f5e6124c3;Ethereum;
;0x0871C4Db647A0A948598FB374Af82756F5CEc6c0;Binance Smart Chain;
;0x08a1514F82d2E3DB205557998442d1E27364e22b;Binance Smart Chain;
;0x0948DE00aA6F5EF7340519FebBcAC5A6D18634d1;Ethereum;
;0x09e44ae707C8999dD7Cc886679a528cdD7dDBb0F;Binance Smart Chain;
;0x0A2503ca6cDc4B2e5E2a2df3BD779ca8348ffF0B;Binance Smart Chain;
;0x0A465BD9404d2E2e6FAFc86c0FEF430d3f84CF86;Binance Smart Chain;
;0x0AD0396039AFcBCCEa8cA45B863C244c55E43150;Ethereum;
;0x0B2677f1dB50a327a72E8dC7c748886ECD90870f;Ethereum;
;0x0bA857029C8d486696a04d719932F1B4a94913D9;Binance Smart Chain;
;0x0BbaF4AF7344754ca26B5DEf315756744F5d9e8b;Binance Smart Chain;
;0x0c1d515a3A879cF29bf04D5Bc30aD2B44d924587;Binance Smart Chain;
;0x0C427Ae64E3C845da1E5386d0b2216CAae913097;Binance Smart Chain;
;0x0cBe393a9F3cE40575939103d849587D30e5357D;Binance Smart Chain;
;0x0d97A3b5a15Ed668aA41d6f45aB9c32770b656d1;Binance Smart Chain;
;0x0e14a38a1Ead8554b15284a43C803B8C53d28804;Binance Smart Chain;
;0x0e35d525077c4AaBeFF9A2D4deCa172CAa749C3b;Binance Smart Chain;
;0x0e52e05AbB09D6E5bF3165827879022Cd9fcA4F4;Ethereum;
;0x0F420d0301eB0718D874b1D56BBC2Eb468F9CDF3;Ethereum;
;0x0f8b8801a738ba366b1703c35057c0fa6bcef5dd;Binance Smart Chain;
;0x0f9fF5028ef1Aa963C965632F0Bc113A140e63d2;Binance Smart Chain;
;0x1037685a38b64D905908dF586CBbDaDF6903DAb1;Binance Smart Chain;
;0x1094acEcf44b72D4f54CDf0665689e86D6C9AB54;Ethereum;
;0x10c06B5B3F12896f35160A09242916270836e92d;Ethereum;
;0x1140E000BC127c1799040D8B61AfD822083274A3;Binance Smart Chain;
;0x11986A858eA788cE2BbE04984F7d4485525647C8;Binance Smart Chain;
;0x11C44309298e6e88b25F2c27baB5aD8d05C39142;Ethereum;
;0x11E2cC386fE1c5F8BCc106E4bAd7549478232C6f;Binance Smart Chain;
;0x11F7eB739C095ff767a5106457Cf763f405B72F4;Ethereum;
;0x1266A9b7F15d27bd2F273Bd5E768696bc471e4c3;Binance Smart Chain;
;0x129c21017cE6bA543be3217bd20e956f7ba53A2a;Ethereum;
;0x12ac72423d09963a882FC451c6e6CBC4584Cf310;Binance Smart Chain;
;0x12Bed2ADb6cff529203F5C64af42d7c5B339390b;Ethereum;
;0x12E3633a8a4D6eF918b156374b7Ac750e092332A;Binance Smart Chain;
;0x12fbe87Ca2674036a9D5d6Cf2593043efbEe1A6c;Ethereum;
;0x13be6cfc0a1B23034adE604aE72f10Fc25758E15;Binance Smart Chain;
;0x14247cB324260f11012a8B36b4e9a3b6064B1866;Binance Smart Chain;
;0x142A0bf73A08e62E8247F46a3b94d0A7Ca4Ef4A2;Binance Smart Chain;
;0x14AEdd6bc42438a0aE82330439B28E7080b88f47;Ethereum;
;0x150E90bC93E1527B6d45dF5b802D83D575b76126;Binance Smart Chain;
;0x15e6D4e7EE391EB0eF895b2a705893402cbFFBEa;Ethereum;
;0x15F3A45E4F928EfBF5414f9D679C8A07d9305F47;Binance Smart Chain;
;0x168B761193aD0989AC5fe22b6765A516796AfF58;Binance Smart Chain;
;0x169BaE6F677E675bEcEa996fb8156b0DD459c902;Binance Smart Chain;
;0x16E7161b1Fc631dA6609aD010012C901E7DB8AF4;Binance Smart Chain;
;0x18264818f368A22407124824Fc48bd0bF5322E1a;Ethereum;
;0x184939258cAc82512518E6Bac86e4cb6D23a327D;Binance Smart Chain;
;0x1866B55649F2dE0a1Cf89FcAeE55807063295f1c;Ethereum;
;0x18b3e3FEdd8e7300F6D167BC79F95630a580a50A;Ethereum;
;0x18b562D5F0FF65D8726e792722089D0d4296F48D;Ethereum;
;0x1920B396867915c7763A9860875d971F81EAc9ac;Binance Smart Chain;
;0x19420A5a0eD9957C8328F7a1CacFcdfEf41734a6;Ethereum;
;0x19518A1358451f7fEF3D114854afc115217A9a13;Ethereum;
;0x19633D27e9f0173a2490d9E272864a9DDd1547d6;Binance Smart Chain;
;0x19CC5B5Ac218D3cc1008260793E1a121cFedA76E;Ethereum;
;0x1A3c8759566071Ca5Fd32299AEcd84A1F51e53f2;Binance Smart Chain;
;0x1A40CE954970528870832A59852FF8978cb92984;Ethereum;
;0x1A6d7040161Fd4c0E8872C5bD3eC4d1cd22a255a;Binance Smart Chain;
;0x1a748aD5b635B422a99817092207150152cdEF3f;Binance Smart Chain;
;0x1AAe87CeCFDCe86919d5Aa8D22036b25840148aC;Binance Smart Chain;
;0x1AF39FB2578c1Fe55439840F586F7BeD40E8126C;Binance Smart Chain;
;0x1b9Fd4681ec4D51D6Ecf2aDC6c7cBFfc90F6718D;Binance Smart Chain;
;0x1bd8a05042490148d06aAA887E04E84be374d74f;Ethereum;
;0x1c4a476281fbda7da3fa9c00bd891e7b3a37d338;Ethereum;
;0x1D900608c195F76f746e793CEa49394913400168;Binance Smart Chain;
;0x1DA52dCEd80eB726bF3029Fd5013f8b6D370Ef63;Ethereum;
;0x1eDeEB08814a7fd4DA5664390f5fCb6bAb2BE000;Binance Smart Chain;
;0x1f015774346BFfe5941703ea429CE8b0B6C875D6;Binance Smart Chain;
;0x1F94157cD424F3390C65e2DCDeF1536Fd9eE509c;Binance Smart Chain;
;0x1fef5D089a39d2996ED63248ed062949854a831e;Ethereum;
;0x20dc2a1dbA4e007011bBB94EC98D4B9737E42dF6;Binance Smart Chain;
;0x222dd5e9F1b4E50A23252Aad1D5bD436137a99A2;Ethereum;
;0x224b9fa302eE40eCb4752F57b3C3C580a6D620F0;Binance Smart Chain;
;0x225914b6981Ef1e41cc674845B7981879E87Ef12;Binance Smart Chain;
;0x22c491894d5e5F5891300AEB94111f9e006fA46E;Binance Smart Chain;
;0x22D67888635D926E536Ef17624B253d24966844e;Ethereum;
;0x22f6717Ad14B5d6FA639B0793465693B8a0f9529;Ethereum;
;0x23336A466397F1D67d20Cfd8dbFcFCb7f18E3cC3;Binance Smart Chain;
;0x236e73f165921F3138e7c1E9a269CD6B137781ba;Binance Smart Chain;
;0x237D78f0768699D5838B6709f1a3ce197D5104d1;Ethereum;
;0x2460D1EC9598f65cdc0F35ad90BeC7BdAF201f24;Binance Smart Chain;
;0x246c02760cAa52447321927C7d7292c82e2ED81E;Ethereum;
;0x24a9eD320A97500c039f6e859c6DD820f6EaAd2a;Ethereum;
;0x256e7F58221A4e77C2517c324faB62921e6A1BE0;Binance Smart Chain;
;0x257dAb5E1A44a29460F39F3A03775b7d29F3D2fF;Ethereum;
;0x261dA13B0BE750eEfa444D5E6dA384a4021Ff5F5;Ethereum;
;0x262dd61271D02870307567E19De1A69e92e32554;Ethereum;
;0x266988c1F5648F7510EECD85162E24cC5A391f14;Binance Smart Chain;
;0x26D00EDbC1B4f75B64f27C78018c95A8363ac3F1;Binance Smart Chain;
;0x271B68A4Aa515A78b8D6dd0B2628fED2f1224643;Binance Smart Chain;
;0x2721F53958F0Eb3dDe0Bdba137e4357CC061Ba8e;Binance Smart Chain;
;0x272dbdc3dE99948311aF58028CFBa4b8974eAB63;Ethereum;
;0x28167eedc0cEECfB04bc066af8cc3F83C38e9b79;Ethereum;
;0x283CDbb43dea85A53A6d5A650A5fAD78044a72B7;Binance Smart Chain;
;0x2842aCbF8730645042040d9bBb968Ac8C5be58F2;Ethereum;
;0x2985559c2751BD80C0f5df3A3328AA9A6f4f7974;Binance Smart Chain;
;0x2999E9a36B6f0c01f618BE071c2A2a9cd760162F;Binance Smart Chain;
;0x299E74510466be29b3d7Dc2e9002872c19CAEf47;Binance Smart Chain;
;0x299f08A8eD7238Efcf377cC0B89524D01657190e;Ethereum;
;0x2a0302b11111F0C4Fa9B4e10F12486A2534370df;Ethereum;
;0x2a3007e6c55C4A1EaF68018B913181185b7c3e82;Binance Smart Chain;
;0x2A5D435D526365e8452007842AB9d025B88a5f83;Ethereum;
;0x2A877477CA0523d4e07F267Ccdf8d724c35BC5e4;Binance Smart Chain;
;0x2A998E13F633d4FA3390Bf455dABD789F8C6F95B;Binance Smart Chain;
;0x2A9B271701D3e07596C8e1eaA48bFA920F1Eb53b;Binance Smart Chain;
;0x2aB0bf61214737281aA1bcb4B0FCB1A2F5BF8dEB;Binance Smart Chain;
;0x2b925F840a3517E2952058514C320A48E8F4156C;Binance Smart Chain;
;0x2cbd6dB5c7b6d0138DE9fbfc476c28F4A4D0b51F;Ethereum;
;0x2cEd98882a8e8C17C3181eEc7afF7D119b0d9153;Binance Smart Chain;
;0x2d1403F2a546c23F82331664Adf9338C284F0F74;Binance Smart Chain;
;0x2Da54B2e8C7775ff39F3977553895dB3E18501C3;Ethereum;
;0x2E18cdca0412A88CFbDd5A1aE35944D1F03DFd51;Ethereum;
;0x2E424cbB1fe6a1F8D73701709733E62210097314;Ethereum;
;0x2e5C0674DA08C3461A12bC4B44DAD48727729497;Ethereum;
;0x2f07570FAb3CF47d0d2E0CFD7441CF4Bfe186922;Binance Smart Chain;
;0x2F22e3A457913E537Db308cc0070cA9f15f0584d;Binance Smart Chain;
;0x2f35eBc7A51413677Cb52194138c222EEa6404f0;Binance Smart Chain;
;0x2F5B3356123d3F620013c1dbF4ceBD1B5f65f36f;Binance Smart Chain;
;0x2F64604Cfda547572C7E68bD821a88C0566630D0;Binance Smart Chain;
;0x2f94411Ea6511a65405DbB56A333f1BD8e7D68B5;Binance Smart Chain;
;0x2fDADE80DE5b169a7be5325B36e0aC584A9eCde9;Ethereum;
;0x3079d3a14aa8d8c9bb69122b1805cf7acc4321dd;Ethereum;
;0x30bb47Ed444cC20b9d300D824a21a57B801ECd69;Ethereum;
;0x30Fd403dCB27c7f1152a62716f8cef37ce5F7205;Binance Smart Chain;
;0x3125a8628A3b1F2732EDa46Ecf8f15051a5740b4;Ethereum;
;0x318914AAc4ea746dAbb6C5dAFEb3DFAEFca21675;Binance Smart Chain;
;0x31A45d056C315b1aCE5BdfeFC69B0E4cf1Ed5E7e;Ethereum;
;0x31eD0Bb64648896394EDD5703DF9Cf9D846c2DD5;Binance Smart Chain;
;0x3229c5b96f987554fdB71C80c29679c0A3e01b2F;Binance Smart Chain;
;0x324768c81f1d580225dec690f5389cef9358a904;Binance Smart Chain;
;0x32aaf537272e9F3A97109523dcaDd155C9585d0c;Binance Smart Chain;
;0x32B9318AceD5E79f9b55C0ABB5544Cb53dd05335;Binance Smart Chain;
;0x32d51c53297d80d04031c6f4c9A537eD466Cbd4b;Ethereum;
;0x335391F2006C318dC318230bDec020031d7dac75;Binance Smart Chain;
;0x337022C89f3219010a3Bf007ebE36bf6EdeA1510;Ethereum;
;0x342E5c4e007478156191A7F2DFe5623D1145B21B;Binance Smart Chain;
;0x34baba94f0Ec311900130Cf9A56544fBFa5A0376;Ethereum;
;0x3501a21DB847cCEd228A740C2e2755D577C77909;Binance Smart Chain;
;0x350b4eDEC5a2657D119090687b6350305E14A251;Binance Smart Chain;
;0x358913B531e1cf4E937F524d4C09B4100b137cde;Binance Smart Chain;
;0x35E15895bF1570eAe888842EF965A4526D906Abb;Ethereum;
;0x35E6555adfA59819c008C267291b98Eb15dF82C8;Binance Smart Chain;
;0x361f145CA9C1bC568FF8F39626042032138A8D06;Binance Smart Chain;
;0x36Ac35Bc8E6F0f2c034116EDACdC943EDFbD81A6;Binance Smart Chain;
;0x37390bF1d1987f84c1CCeE2958Ed9aBD96C3DB29;Binance Smart Chain;
;0x3756681f03dd2C8B5ccE162D22986eD86c385b10;Ethereum;
;0x388F3C49a4CeDF6140C3E8D965fd9648a8A6483D;Binance Smart Chain;
;0x389b8Bd4FAc72ff9Aa5fD888a4B3283Ac4c14b28;Binance Smart Chain;
;0x38a679131b4DB779E987a93d7A492855112e8F02;Binance Smart Chain;
;0x3957C69275A1De9ABCFaB3300c4e090A099E4425;Ethereum;
;0x397b8f89E1Ae6965463A8cEB20F755E1bC6c48b2;Binance Smart Chain;
;0x397bb551c5C02d183E478b32951d08Db37CCcb10;Ethereum;
;0x39b0b46956638d395fFB44Ea49A436c8ca438CF7;Ethereum;
;0x39D2b22734c0BC3D5A1918DCe5A58FD208839648;Binance Smart Chain;
;0x3a995DB2c00D3FD595e1003D04dE35D6bEaBa934;Ethereum;
;0x3B0F08BA6F4AE2A9d6Ff505f281a0ECb7e2fF98b;Binance Smart Chain;
;0x3B3A5C60501751E6aB0f22A880790B520b8984A5;Binance Smart Chain;
;0x3b7ea01f892075072Aa9110ddf4FEc77a4702037;Binance Smart Chain;
;0x3Ba3daD3476dA52fFdFE8547baF6E5e8157fe51f;Binance Smart Chain;
;0x3BeFdcB2aC2eB1A8A1505a8Ab2F7EfEE12EA8183;Binance Smart Chain;
;0x3C02Eb9Ea7e0Ef7C80d13D4d83856c83b033ED6a;Ethereum;
;0x3c10Efb6B219d2310f3a54C2E6a97438Fcca9eFA;Ethereum;
;0x3cF7C5e33BE715aEf09D7D20d865A0dD0cB1EDF9;Ethereum;
;0x3cF873e1fEA3064373809c13e279bBB6F2DbF313;Binance Smart Chain;
;0x3D03291F68358Cd14d0CBE850DD14465431200eC;Binance Smart Chain;
;0x3d2C7eac8e154988314681ED5AAef730976F87b8;Binance Smart Chain;
;0x3DD8E0737356828C53ae7794547153b3F5bbA10f;Binance Smart Chain;
;0x3e51aA08Ccb689bbBc3843c866eB22E194df5b2f;Binance Smart Chain;
;0x3e9f6e02696A8b2EA49EBbBB4505bE232ecb42F7;Ethereum;
;0x3EC968c4D0154328d99b491953C8B2193401a06A;Ethereum;
;0x3eD1E4f3Db895f3990ac06F7c22AC83eF70F12b9;Binance Smart Chain;
;0x3F41fbB6881b4Ed4c533ff2c18794A8330814877;Ethereum;
;0x3F7c13b8E86a15139Cb681fcC24Bc69eb839C46c;Binance Smart Chain;
;0x3FFF4ec40bdB743575c606b1DBb2fFdAd1867076;Binance Smart Chain;
;0x408A426153f4578d88ff0383Cf5a32073e755fA8;Ethereum;
;0x40F79Cd636f852B9503c4c221dc56ae697DF39dC;Ethereum;
;0x41cA37052D6F6C5Ff804cC037551F1533a6fDc52;Binance Smart Chain;
;0x41cc6c03f772353998be7d9752bbD97257f746d4;Binance Smart Chain;
;0x4273EcDC7230CD76b9FE82766EE33Fa738dC1686;Ethereum;
;0x427912304F97d34116F033eecf6929E20c31A3E6;Binance Smart Chain;
;0x42eb3DeB2ae05e683C2DD21be3dbdD612D98d841;Binance Smart Chain;
;0x4301333C0b74bDC95fe6db56934a7284A82f51E3;Binance Smart Chain;
;0x4312f2EeF035fd94Ea4008880569F8435f68eD07;Ethereum;
;0x431431B7da6A87c08312DaE9D15625a4753D354a;Ethereum;
;0x431A4973c4859FC577D98EAF2B1FC9BE0520B348;Binance Smart Chain;
;0x44570E194C9A4DCe34713309D5aD24Af3a778F8b;Binance Smart Chain;
;0x44Acd0Ff3bE9Fdfb932453C82B5dF5739D28b276;Binance Smart Chain;
;0x44e44ECd8fEC4A5BD558EE0D37f1eDB625ebd509;Binance Smart Chain;
;0x44Fd7C103452DD245F40f4741C82Ab58E1306302;Ethereum;
;0x44Ff92199fe1c03f0555abE473d2556CCc196F73;Binance Smart Chain;
;0x450FfFcdCCA801488ac805f2BBb30e0447AEf746;Binance Smart Chain;
;0x45107d25C5Bd9Af7ecaa7Ccb4c54A95CEef85b8e;Binance Smart Chain;
;0x454f20089cC3996436cD67b4af81C8200a5BF6b9;Binance Smart Chain;
;0x45563eEcc8303877c35e4A84De70e9CC84b71313;Binance Smart Chain;
;0x4581e1fA08f7d97f850AADBB281371D4Cf652b2a;Binance Smart Chain;
;0x4591CC7aA90fDfcf05Fb25a8625F82d32d378531;Ethereum;
;0x4591CC7aA90fDfcf05Fb25a8625F82d32d378531;Ethereum;
;0x469BD2246fd4b94dE0939C4E97b3BC6dED660Fb5;Binance Smart Chain;
;0x46cd8799eA81ebC1785e5E7CB0d7bcB7517a2b7E;Ethereum;
;0x47927b4e81a4a36Dc1C6C340464fd8aA502FDbf2;Binance Smart Chain;
;0x47F1e5134f7c86BCc1AA3E83649D8c1Bf30EC223;Ethereum;
;0x48C5be9C033D64AF2CcbA5dbE155A27663B78cFF;Binance Smart Chain;
;0x4A31D57FFb174791D8Ad404E4A43280c3CCC3b3d;Binance Smart Chain;
;0x4a3F6762702c91D260761746591012B715Dd0465;Binance Smart Chain;
;0x4B1e0388233B41B1225380e291cCa33F38c7A49b;Binance Smart Chain;
;0x4b2cE2c53e7DB69bDE996F1213Aa6223c6814f87;Ethereum;
;0x4b4A8dC8598d8EF14322458A17a3D4185f5f8722;Binance Smart Chain;
;0x4B4c7f20E74BF43cC5DE815F40F0B1b2AA4180DF;Binance Smart Chain;
;0x4c3dAbAb195EF04f1A5b13D24a0fe89eB09E7029;Ethereum;
;0x4c885da989C54191f001AfC7b0667f7d9d5E37B1;Ethereum;
;0x4Cb041f519B809b41FD0f641f3D1040A5e6b2782;Binance Smart Chain;
;0x4CCD298F069F4305E842CD427BFF649bb9209485;Binance Smart Chain;
;0x4d778f3fe3ff9A9315Dc0719127449b01E597AcC;Binance Smart Chain;
;0x4d8515934a0b5D801d5d20d501F3a429002Fd986;Binance Smart Chain;
;0x4db947dD4C0C183dF03Fb38907839AD927e16Cdb;Binance Smart Chain;
;0x4Dc0A736D0B2Ff9222Fd6D347B03f0C010C5390e;Ethereum;
;0x4DE65236F43f6c671096B07d040394eDDe828f12;Binance Smart Chain;
;0x4Ded3Cf53da1FD71e077fD27ABe892D456d00285;Ethereum;
;0x4e8c101BD3beaAA049E42b0Db1877C9c5f90b724;Ethereum;
;0x4ea945F298bF313FCA21d688df5f19a28a21E2b8;Binance Smart Chain;
;0x4fC6De6aE0237499024DC1C7540D7F868e88C83B;Binance Smart Chain;
;0x50060fdAc9A4617Bf64a16d7Ab422EE439cd08F7;Binance Smart Chain;
;0x50F620A98f0514F5cA9ff7B44125F632EE7aC84a;Binance Smart Chain;
;0x514A441cA019D84f5B71a23e850d8AE00318A250;Ethereum;
;0x516eB9514712551b7EC96fc1d67337007B041C7E;Binance Smart Chain;
;0x51816e5fE17DAf99aDCAcD2ca86900eB4Cf13bAC;Ethereum;
;0x519A5558b89E0aBDDC39b6c594597256101079A9;Binance Smart Chain;
;0x51bD618e74b4796585edb3D4EF17166077032a48;Ethereum;
;0x5251aD4cBDE899670F593B8Dd0c1C27F24a7A01B;Binance Smart Chain;
;0x5280537847c00723a2E710349390bFF199661Cd3;Ethereum;
;0x52BBb73343bE1548257b1ca3658c50A664929E75;Binance Smart Chain;
;0x5363C32D81266cbE7e00E867a11462C3bfc771C9;Ethereum;
;0x5368FA588D7C6a4353B2B0a3683eD7A4006bBD76;Binance Smart Chain;
;0x53b5c15d0423859Fd5DaceB167c984F5Ea3EE59d;Binance Smart Chain;
;0x53ce79B8F93c1ea53E29219317C1Af3538eBf117;Ethereum;
;0x544908Ae8df97F99388d7dEab188C9055Ed62B5E;Ethereum;
;0x544CA06341830eD7f6473351d33Ee7a42C2cFA76;Ethereum;
;0x54EEF493cf6E9a7C8784e987785B9d8A9d3B2A66;Binance Smart Chain;
;0x550e8Dbc5D3306352a1fFd377205a2Aa952F0195;Binance Smart Chain;
;0x55187068412f5D05eF0b5BDa01C5971b397510d3;Ethereum;
;0x5532D40f623588E601A29cdcaC27B40CEb104171;Binance Smart Chain;
;0x557f71eDfa8BC89BF9729b03b405e8f02c0AaD3E;Binance Smart Chain;
;0x55F55B1Fc900e576aba61Bfa38845C775B94827A;Binance Smart Chain;
;0x5615d1d744436e7Aa295fba2F34ADf94A4F14fe4;Binance Smart Chain;
;0x5627F56aEFf53C4982ec6c0f9A04C4C8343E8Cb4;Binance Smart Chain;
;0x56f393e2ce3F251d05DA9fdB019398C5690ef060;Binance Smart Chain;
;0x5797e174cA17518Fe68A96F937195aa4BA5E1d79;Ethereum;
;0x57a36E40A540FB1744cC30D47D2C7E5888110C5D;Binance Smart Chain;
;0x57d2103Ce94e0CBF775855c6B643BA17De6F30c6;Binance Smart Chain;
;0x57e25fE4D5Cd21948fd8d85ECD911a3981F194D1;Binance Smart Chain;
;0x57f6A7acb61AAE9b6Da099a7aa9124501E920a56;Ethereum;
;0x587B2523cd96c134E248667ef0219B51E5f05166;Binance Smart Chain;
;0x58Be288fA4A85fc586f9C898411b9E7f087F01fe;Ethereum;
;0x58D8c6304E228A62dC9D74Cf9822f04F25c1a988;Binance Smart Chain;
;0x5907D5aBafb5c13696017de671f0deBb76394A49;Binance Smart Chain;
;0x5A791E32ec09B7020AF63B2BAE5c52AE4E7B0c67;Binance Smart Chain;
;0x5aA969070571d552914ec8b3Ea359A7bdaBAC2cb;Ethereum;
;0x5aE7Bf6EE8D97E44ADCaC31840a973aFe74c79A8;Ethereum;
;0x5Afef3D6B955FB584552B2606E8f0082a2039D11;Ethereum;
;0x5b02dA8420dd9F77a33C6E2b22Dc87fE22c17a30;Binance Smart Chain;
;0x5B50a6Df9d3b0F468431DA912c4f0203817dB71b;Binance Smart Chain;
;0x5b54f5BcD3FFD46E55f3E72f7866907bC4e2bf23;Binance Smart Chain;
;0x5bAd9284B14e512187538DaA299b1505346B462B;Binance Smart Chain;
;0x5bD55fC14B644B1D515999583F2dBc2650E5777E;Ethereum;
;0x5bD7Bf3EAc0Bd80710E364A56b9e8a7E2Fa450FC;Ethereum;
;0x5c35B34610343bF51C30B3f5C590d972D9FAe97f;Ethereum;
;0x5CC60fd501C391DE6F856C3aB8fc102d031c4488;Binance Smart Chain;
;0x5CCE781B6a9408B438cd6B7aae486A6dd4356655;Ethereum;
;0x5Cf385d2B9df282aCB3EbFCc9B299b71edF04B07;Binance Smart Chain;
;0x5d0569904DA31A914EEc249EFdB6A399c3D3E3EE;Binance Smart Chain;
;0x5D2ECF419CC2BB3875ed4a1Da69Fa597469EaBc3;Binance Smart Chain;
;0x5d759ACfbADC50Ad2A6eb21A3D42993d1a9f2CbE;Ethereum;
;0x5D9B1A54422DC49522D6a7d4EAfB27091fAF8171;Binance Smart Chain;
;0x5D9E720a1c16B98ab897165803C4D96E8060b8E4;Binance Smart Chain;
;0x5dbc99A7f6af7C723fAf219271B8fee74644d365;Ethereum;
;0x5dc000b8060fcA14234D8034326b73eb95c88502;Binance Smart Chain;
;0x5E0a34241b5663C10ee334283CFb4E8668C0C26C;Binance Smart Chain;
;0x5E902a9fF6289fc5DC245e67a239fc01739A7332;Binance Smart Chain;
;0x5e94A82d731464d21886c19a07F483d4be4667c7;Binance Smart Chain;
;0x5EEdfE452B64fEf64eE42309815611b66bE37C14;Binance Smart Chain;
;0x5f02Dc0afbEc8316EC273a21Fe22858FBbdba143;Binance Smart Chain;
;0x5f0B23D415B82421780AaEea6362860e76e90a2F;Binance Smart Chain;
;0x60A524653A8e5D94eA32Be9AF58CDFc2876461A1;Ethereum;
;0x617a35eb07d4ed5C489D8D0BfFd68ecA058E457a;Binance Smart Chain;
;0x6273889265b486F356FD173aC146f4C41C3578ee;Ethereum;
;0x62c068Bb8301475A8612D1Fc16663Be6084E3930;Binance Smart Chain;
;0x62c466f7aae3d51c48226598e66619c42cfead85;Ethereum;
;0x62EfaCFC28C57c84ca2888C7Ea8Acd32Bac2a660;Binance Smart Chain;
;0x6385f783506A8E4917569dcF017202FfB5Ea3E0E;Ethereum;
;0x6472Fb9a3c502F44290EeAB73617ECd5Aa496F69;Binance Smart Chain;
;0x647Ea2A0Ca259c8F6F70c47DD32f9B73f4CCfa29;Binance Smart Chain;
;0x6491a24E47dAA6A86cF379098f335626c267ac37;Ethereum;
;0x64DB70e8cBB6F1cBB04154A378389F51b5C3682D;Ethereum;
;0x65a6355759fdc804f92f2E84e20E0237C36Fd0ed;Binance Smart Chain;
;0x65b495D9A24F5f10C73f233E25F9D88fa146b6bc;Binance Smart Chain;
;0x65c1425BF0067D3855B72Da10B2040c2E4942675;Binance Smart Chain;
;0x65Fcf13A1D7f60DF1cB2b7877c50a86Ca5a43E1C;Ethereum;
;0x660BFb45df18E718264eFE1f9f03B6E00Dfe5be3;Ethereum;
;0x662deCcbc86b30D846E251cCde1A72C1f80483Cd;Binance Smart Chain;
;0x66700306e98f813F854B4932A0F6F55E2CeAB612;Ethereum;
;0x6679f21A8491Cb182dA299C9E04501D75A6EDe41;Binance Smart Chain;
;0x667e2116e53eF1FbC2A250b27Cf6c9c849d2F475;Binance Smart Chain;
;0x668F1099990BCf968eD6cDCb29C8167c0831873B;Binance Smart Chain;
;0x66E15ae13b2D799102fA7d99845b41Cc99fEbD7F;Binance Smart Chain;
;0x67E4AE9Db57080DA1f5cA83BC8378C99FBD6065F;Ethereum;
;0x687B431Ae469495AC73e59EaEab890dAe01Ee994;Binance Smart Chain;
;0x6891273af4F4873351E4a9DBae0F3526ddDc8FB8;Binance Smart Chain;
;0x68eF343d589C2a58028Af917Fdb9361D11AdC951;Binance Smart Chain;
;0x69AAe96A220813975083048175926C3F1f19da16;Binance Smart Chain;
;0x6afa73edd586d91cf97e5ba80b2c9c1902a159b2;Binance Smart Chain;
;0x6b943c3f97125db67628d74780463e42Da6e5Ed0;Ethereum;
;0x6ba272b9946419C107DD7163C7E5895b70196209;Binance Smart Chain;
;0x6bCfb281eefb0Ba7c7264028A06003f6Fd8A9CaC;Binance Smart Chain;
;0x6C22C0600F69F195981319B67fCfcC3100245C5F;Ethereum;
;0x6c9f34147eAA39dA2377F10f08A4540BDf6989e0;Binance Smart Chain;
;0x6CabE655398b0dE63952eD8827C9129EfE62BdBf;Binance Smart Chain;
;0x6CC52FD37374e257b80B8EC9Dc8145CD1e689605;Ethereum;
;0x6CC6771e805C898f58C921F3AbF4Cf1AF0c24A2d;Ethereum;
;0x6D0399cD37a4B056e3d5229E56aD677D47505fBe;Binance Smart Chain;
;0x6D69DCF300fE82A6f28C811253BCeb75012A025f;Ethereum;
;0x6DA56d9Db18b9a9a4cf3c4c69a02DEe0b03E36F2;Binance Smart Chain;
;0x6DB1f499e420f43D9B9c07ead32E0695b7200b82;Binance Smart Chain;
;0x6DCff558CB0f7C0e45FF7f968A68709250d6c6C7;Ethereum;
;0x6e5E7D19c1d851daA2947253286C381962d3A271;Ethereum;
;0x6e9f05a4e3d1683a60924371fe28fd4eb8948fcb;Ethereum;
;0x6Eb3F465FB35acDaf656F856176a928407552b0f;Binance Smart Chain;
;0x6f03addC20Cc051Ed6E00cfD7c2FB06eAa1bCe37;Binance Smart Chain;
;0x6f19c680745156c0100a2B301e5E083E72f7c8E2;Binance Smart Chain;
;0x6f5143Aa8A791A06cF08E47825F289d32c1f52e5;Binance Smart Chain;
;0x6f7d991841CeFF8cEdFF91CfFc913a2CB4560d71;Binance Smart Chain;
;0x701Aa792233877EE9B805af1FcD32Cd87eC4FBE9;Binance Smart Chain;
;0x70dE1021E0dC0876CE3Df2889ADbf1aeD381Fc69;Binance Smart Chain;
;0x7118bA0BdF2A1AC06f8CEe78fd6e5a86b159f2E7;Ethereum;
;0x7132949F1637E0Ec1722B40F9E2E58F8b40FfbCc;Ethereum;
;0x717a9221e3AB144a21C5338907ee76058E508f2B;Binance Smart Chain;
;0x718CEA3706787aa03Bd936b76303fA00660C5f42;Binance Smart Chain;
;0x726597e503050fFFf43D873dd1011284C565B04e;Binance Smart Chain;
;0x731De536470D128E9d66b5Be918d2e05Dc21b3B8;Binance Smart Chain;
;0x7325C3427682e5208fdd80bb32618e85627A135C;Binance Smart Chain;
;0x741643CF7f25449d4d844B528FDaa9eE766F0298;Ethereum;
;0x749a1755C79b5d92a8e0f2eb9FE38F65afDF6793;Ethereum;
;0x74a1b835529D251637B4e48562aBbEA146f913d7;Binance Smart Chain;
;0x752ecc81EB5BFfec6366e00483BCCfebb933afFa;Ethereum;
;0x75857dee35A39727b9ee4d26B5cc835AEeF9a079;Ethereum;
;0x75D228291f2670546549563569d25AB1840fa897;Binance Smart Chain;
;0x7610E0c65D2CBAeBcD637A9e5cA69c886ccC84D1;Ethereum;
;0x7640A4946395Dc12EDc33560787299a6977732b3;Binance Smart Chain;
;0x765620315697657041371b5107105DFbE7074d39;Ethereum;
;0x7680598270be41895Cc6Fdb1E7572D73dE86C509;Binance Smart Chain;
;0x76a366289781477AC1A181d2C346CDCa244D6Cc7;Ethereum;
;0x76A704628a530aE5DeF2B08e8E38F6dc9A939622;Ethereum;
;0x77965Bb2A20A91b7d476EeB5b25e450F476D3281;Binance Smart Chain;
;0x779dB68E245467552Fa9746E77F39c31454ba5AA;Binance Smart Chain;
;0x77EdFD9C940274b5E6691E88359597BFa49a7198;Binance Smart Chain;
;0x7833D295834c5a0d4b04cC81A1921d4ECC48d93e;Ethereum;
;0x787A7434376d53b2851dD105b75B409b93F5B22C;Ethereum;
;0x7885948AbFFb2Ce9c3EFc3075bCa1796AB7C63E1;Binance Smart Chain;
;0x78d792fEBAb7F24722db9f724a41DBcc4B8f7E4c;Binance Smart Chain;
;0x792ed0bdb17B5Ae38325F56A5708aA5a7312021d;Ethereum;
;0x7978842344Fa9814BA37b765C2E8F7C3050b67a7;Ethereum;
;0x7a1c22AC253DC967021456A9f4Fd4A770b262265;Ethereum;
;0x7a9C9E82382B8a9Df2291e1AF44d47DDD9834366;Binance Smart Chain;
;0x7aFB53741B4FCee6E35E6177653e84Ab780d2C77;Binance Smart Chain;
;0x7b359142Aa64654932b3fe21Bf26caa57b72e2f8;Binance Smart Chain;
;0x7CAedE01D4581855B539Cf69b9fE7e440877bbC3;Binance Smart Chain;
;0x7D0Ef784b43840706016b607BE7FC14Dc0110f46;Ethereum;
;0x7d537213300571B3e2e020C0C5D42B3f27DB3a27;Ethereum;
;0x7D687319B77aFd41a5d087CD52E2d0CefeD55d83;Ethereum;
;0x7d81510EF626292F361E97708B6a618Cae3cEead;Ethereum;
;0x7DCC4bD5e5F65029F8828654697C8e4a9a245657;Ethereum;
;0x7E1269F51541a46B30ac02905EE8d453ec96485e;Ethereum;
;0x7E3725aB300DCE7f6b47183232E44E538DfDAcaA;Ethereum;
;0x7e66d4Ea028260C06FADc0e4ff6030277d5cCA91;Ethereum;
;0x7E9329C13f4e7415c04a8C54440d56a720a63d96;Ethereum;
;0x7EA1944c0807DF41E0213afCb0C6aB10503673B2;Ethereum;
;0x7Eea962086Ed3bA5eD35C5aEf8784bDA29A22185;Ethereum;
;0x7f151130aa935b510436D15F83edCE0E3F7716D2;Ethereum;
;0x7F892323bc373ed7E7C3Ba4E95F9838690d7E0CC;Binance Smart Chain;
;0x7FcE987F2F034e58e5D3bE47cc2Ae92E8b473492;Ethereum;
;0x806CAFaA1B34C9b9d2fC33BBAe3DE209E9D137E0;Ethereum;
;0x80a02eCC4782c77283D871c3A6151D3aeA4a2568;Ethereum;
;0x80BEFcc755ba7bdcce3fd1bC2Df303ec0786c205;Binance Smart Chain;
;0x80E6a290Dbeea137970F779900f87f5e34F05F6E;Binance Smart Chain;
;0x810542F15cBfd78eB2b652873B4FbD60479fdcfc;Binance Smart Chain;
;0x812fEA7197281522607b345709D0e56b8B26DaD7;Ethereum;
;0x8132eC8C2574c133bDC5C7D4CB220C11373357e3;Ethereum;
;0x81aDFA0309A1629f68dB6A6cfF37a1fE68FFdd2a;Binance Smart Chain;
;0x8255BA1C2b449b9583AfD31E076de935c3cF5f60;Ethereum;
;0x82cC018389eE2cfd0BfF0d7BCea9366A22975644;Ethereum;
;0x83D0D2e612299383173EAFC914214daeFff4ea29;Ethereum;
;0x84bA38696f4F2dbCb88Ec2C5F82d24A074d2E6fe;Ethereum;
;0x84F6F9867aC2C4e8d990825D440cd6da1DE3309f;Binance Smart Chain;
;0x8514728941F0115128Ae6F1E3ecb8DcF1fc2bF94;Ethereum;
;0x859b107C3F908cba3417D403ca4D4F7A33Ea9987;Binance Smart Chain;
;0x863Ad0C4cfD3Fdd2cb435D186c3477ac95e8029E;Binance Smart Chain;
;0x864f7F97FFcABCD5683ADF436d37Cb9B85DB061e;Ethereum;
;0x8669D2a4A5C5Ef2c1cB3a0F44C527F9ad73e5d00;Binance Smart Chain;
;0x86C4f1983aDa6F36ff56d8892bE6BbAa21dECd90;Ethereum;
;0x87301f467b0A33c7Da3574c553409042Cb99b77c;Binance Smart Chain;
;0x877264a9131Bd10285cd9852dfcf00c289AC1a98;Binance Smart Chain;
;0x878BF0AA2733d0Ba56fE0ACB24a81322B083BA31;Ethereum;
;0x87d2AA6539d4BEd79Ccd87c55BCB6aAc0f7E07B0;Ethereum;
;0x87E3EA373501f83570EcEA607d1B7f9B87FAA26b;Ethereum;
;0x8821Ce88017c16B70933429B3Df617C4600f5249;Ethereum;
;0x882A5BfceBF03178c4AB9220c12EBe83590714E2;Ethereum;
;0x883447949dC169F293543F6DA8093818eEb68650;Binance Smart Chain;
;0x88ee277A2D716a2D62691aEdaf66A50a46aD0b47;Ethereum;
;0x897688706E8Bf32bBb0C21e72c0C81cF6CBe8945;Ethereum;
;0x8A03E2BCaf1D383Ae14550B4Dcc31216eA6baacD;Ethereum;
;0x8A54667477DEe9587D9C0255dbf256a9E16238dE;Ethereum;
;0x8ad46300B504fbEd12603Ff31946c82d146d1898;Binance Smart Chain;
;0x8b48E99249b6929fb8a3EAaf3aAfb679923E69b8;Binance Smart Chain;
;0x8Bc0Fc5b31Fa30266a3dd81753bE66EE4B62A7f9;Ethereum;
;0x8Be1be0A6DbDcb2582781488d354B5D2bCC908E8;Binance Smart Chain;
;0x8CF947B055f1d95Bd10F9f69E23a38FF557656D6;Binance Smart Chain;
;0x8D1774d8E34834b017e8CfE280b3638445Dfbb84;Binance Smart Chain;
;0x8Ea2076B7076910106e15a459b033da335938Dcd;Binance Smart Chain;
;0x8eE5A8bc22007FC0f18D8cC8161BD934C9Ab7Ed5;Ethereum;
;0x8F2235a1042A8A566118F9d0f87bF687578770E6;Ethereum;
;0x8F4E9D43583B7D4B8cff5A027220e36401C12b8E;Binance Smart Chain;
;0x8fa0C224289292F13a4D719FE3957B8cDE1c687B;Binance Smart Chain;
;0x90C67dD9079Ef2AD8a9a613Ee5E9ad9054283c0f;Binance Smart Chain;
;0x90E563E070e201c134a822d651fC5C2fE44ba735;Ethereum;
;0x91977592Fc11Fc782dc25cf7e661575695D84956;Binance Smart Chain;
;0x91a0CaCb38470B50E3117F114762F605C06A1c08;Binance Smart Chain;
;0x91cE2EaAa0ae31B8b109E4a2038Fa7aC3e83034f;Ethereum;
;0x922a4CC189fA2254a733FEC150AF47E82D1f622d;Binance Smart Chain;
;0x9272227568d59326A9Be3a2BeBBc79c5EB2afF4A;Binance Smart Chain;
;0x9280B633F45EAcEd5a0129ED853F264DfF8b6D63;Binance Smart Chain;
;0x92Cb8f4F35176Da0798ED58204BC54528bBeE430;Ethereum;
;0x93807E8Fd6CE4529960d545E0cc9C4e988f300cC;Binance Smart Chain;
;0x93a7A46aD72fd1D6432301381eaE576505aA75cc;Ethereum;
;0x93c70275A70e7a475018fc6825cf537450c81dfF;Ethereum;
;0x946d47CEB29058d1E11578Fc0CB41d924C03584D;Binance Smart Chain;
;0x94B52CE06cE6b5D4220491E7A1DEAE36d27DdF71;Binance Smart Chain;
;0x94E5644609E01c583086bd27854B16730Cd41E75;Binance Smart Chain;
;0x959A80A8EC49af23D3502FD50cD8243f09286061;Binance Smart Chain;
;0x963d5807d31AF397B651a116A54F1C883eE046C5;Binance Smart Chain;
;0x96474456147C70651f37dc7544a190D80C839e85;Ethereum;
;0x9692EdE6566b0296B359b9bBF66fb8a23DE32167;Binance Smart Chain;
;0x9694a9bDE86Fc85d6f5B60B1E0c59d1760085A2B;Ethereum;
;0x96d20d2bB61189865724C57A5b32443e450Fa3D9;Ethereum;
;0x96d42251Cd726880073cF213c4Ecb833d643266C;Ethereum;
;0x9704f55Aa24237625F4A23A0AC2B31a9Cf22fAb8;Ethereum;
;0x970938794e533571b6af8dA60EA6B2f5f7777BA9;Binance Smart Chain;
;0x9763e7C37477fA0F57379373CC5394fA7F1f9e7E;Ethereum;
;0x97a3ABa3F63885Ebe95956907ADA72610dc9c09f;Binance Smart Chain;
;0x97Fa3a7c5caEDb67Ad4bF5f233C34B28f9AC590d;Ethereum;
;0x9867574bb565D3D818D0F03C91299a705F7a4C72;Ethereum;
;0x987970b206ccac6BCA5A676e365187DE2A713853;Binance Smart Chain;
;0x98a50Aa57952F18CDDEA67FF88e93B6c93623a9B;Binance Smart Chain;
;0x98D22852A5cFb9187B2CC636Ed188E4634116456;Binance Smart Chain;
;0x9924B012A230776408ce8d3863573657140f7A8e;Ethereum;
;0x99491524b2E1AF46e013E40bDB5A8B5D9287ad68;Ethereum;
;0x9950632fB5b0177290fdB578F0D0522c4bccEf71;Binance Smart Chain;
;0x996dDa223202C38D4Cb544b1480BD392F9719601;Binance Smart Chain;
;0x99829C7FD07F4E9CC9337D8f08d65aba84423a9d;Binance Smart Chain;
;0x9A1c3736778db80224AC7F56c9893804D8fa6bed;Binance Smart Chain;
;0x9a47Da58A9A57FDe60903C67fF2EBC875F1A0Bae;Ethereum;
;0x9a4BbCACC4B45aC2Fb4945ffadF5f4A6f8006603;Ethereum;
;0x9Ab42800612420578e236a45D4EF1e107B592096;Ethereum;
;0x9aE8d8eD55AAC2eDbF8B94c5ed81C69F67E7E906;Binance Smart Chain;
;0x9b06a34e264336B1e3AC292C211a0B4b3e1C8fa1;Binance Smart Chain;
;0x9B132d5b35BE2f6C2A042361Def7b457836EC272;Binance Smart Chain;
;0x9B405d271FE5e578c74208636CD72D05DD9BFE30;Ethereum;
;0x9B4C4D9Ca4060829C87ADBa582992Dff814Aa1Fc;Binance Smart Chain;
;0x9BB07e2Cf238360C373689D66d82Ad2492a749ee;Binance Smart Chain;
;0x9c52CF50CeF60Cc8c6F2e5567035C92eC7f8d0f4;Binance Smart Chain;
;0x9CfB24Dd0368dA75Fd35DCD3c2a2883CB30Ad272;Binance Smart Chain;
;0x9D54F51ad04E410Fa87DFfeb2A6bc5F9a69647D8;Binance Smart Chain;
;0x9D7d7E4Bca6a60AC29D15c40518E35C66455b44d;Binance Smart Chain;
;0x9dBCC76199De962d35E3db9B133563f28178227f;Binance Smart Chain;
;0x9e08498f72171AF25b4BD71585a3E9211d5a72E9;Binance Smart Chain;
;0x9E8362dD282dC7742d68d8245e5D73970F164BCc;Binance Smart Chain;
;0x9Ea0749cD68C88034f52B4835b467308376Dd84a;Ethereum;
;0x9eC0e669A226c6A2f460aE57D991C55fEDD414a3;Binance Smart Chain;
;0x9f0e3DF46531947056B771D231771C7198005a19;Binance Smart Chain;
;0x9f498442daD00FB9aBfd8C95F27b0bDfcA27Aff1;Ethereum;
;0x9f9d5EB15B2Dd05aBf0500e1294657f268Cc4E9F;Binance Smart Chain;
;0x9FE9986144655376e8F712E757e135492D6aeFe7;Binance Smart Chain;
;0xA002b3f5Cbc5E00D0Fa17b29ddEe4F1a6e9f57FB;Ethereum;
;0xa0041124a1d3E2fCe4346D13A708E1B6CF8c218b;Binance Smart Chain;
;0xA033A9f215FD16e64CEc54775263fa55b369aaaC;Binance Smart Chain;
;0xa0564389Cc6142c3D96c32c6529f97bBD6c12eb1;Ethereum;
;0xa07818b4dfe0ADc5491071Bd653C6f52b87939f1;Ethereum;
;0xa0EC32D109Bd544252848596D291348e62E660E3;Binance Smart Chain;
;0xA14EC78d6801582eF882BDaAE1452faedB323e96;Ethereum;
;0xa17C1Bb4d4A5E2b03D2Ffe5ae46C63eF6A43D02c;Ethereum;
;0xa1B1389dD5F571352d642D39Be702B71aA9d3Fbd;Ethereum;
;0xa1f467820ea3cf27AdAD52087CD9Aa59A164c56D;Ethereum;
;0xA2285831A448cF1474B025EE48033394fb427E39;Binance Smart Chain;
;0xa22d582c3253b5FC9eeC7FaA7d88aF4edACC2523;Binance Smart Chain;
;0xA239e11ca04e6A27E6D4031229E7f296c99F93C7;Ethereum;
;0xa23D2bc20AD9AE652C58Ca4956273eF4D06dD489;Binance Smart Chain;
;0xA293d67DC3ceee4ef30B322621be3F9F33f3626A;Binance Smart Chain;
;0xa2be0ef4ae2e20c4eb6f2f194b1a78bc71bc376d;Ethereum;
;0xa314921b83Db11D8139eb977880809B96BB09D1E;Ethereum;
;0xa365eFbcB5AdAF67609DFA75D6A35AcCCf82D098;Binance Smart Chain;
;0xa379512A79b5A4474Da1Db8e8C4dd5E76D3F8353;Binance Smart Chain;
;0xa3b84308ec74E7CF55eBdb0B2f94214AaD94040a;Binance Smart Chain;
;0xA420D800f680e853C9B59A94b7C497e474ebF109;Ethereum;
;0xa4900c1aDd5128374885d2b4B27606B34Bf162Ff;Binance Smart Chain;
;0xA4C350f7Ee6d318215a76A22D6D1D10D62Cd2137;Binance Smart Chain;
;0xa4e425170788C2f8C4ca254C5bE674F6a60f0f19;Binance Smart Chain;
;0xa500e790a9A620e12950Db9496f89c7D222D0F2a;Ethereum;
;0xa522a79b8db481ebB9d3EBdd0Ad23709DeEBc8A1;Ethereum;
;0xA52f36618bEFAD8131b5789deffC84aa2646d1B2;Binance Smart Chain;
;0xA55AC4c6664d5DB6Fc02775d8267AD6DA5dde64E;Binance Smart Chain;
;0xa5a4366BDbe757aCA212C9052f1ea8a3a3A31D35;Binance Smart Chain;
;0xa6b62aa24D51f82C9961Cb077806596948CFA329;Ethereum;
;0xA6b9BE763A9B59A65bF54975930a82587e5342c1;Ethereum;
;0xa73aC33E9eb1f9e735f6233Ac348c429b1E0Dd9e;Binance Smart Chain;
;0xa7944127C501A2C001a73d57b837CF2E85e7587b;Binance Smart Chain;
;0xA7E5a837382C4B2A484BD2AFAdc8B5A5f6d74e87;Binance Smart Chain;
;0xA7fA692187966037845471A80900bE5f54772b44;Binance Smart Chain;
;0xa8085e19e0cF43652EDb0b32bc10EA13F545d9c4;Binance Smart Chain;
;0xA8b398896D67CEa6D26fc140E056f745261c4B00;Ethereum;
;0xa931E27298ECbf09D58A065B8D51f1113D9487C2;Binance Smart Chain;
;0xa9dC8D8338F3212bDbf98EAC7b61F4ac5ecC8708;Ethereum;
;0xAa435825eeeD5cA26fa5221298Ea4C690312a57d;Ethereum;
;0xaA92DF9Cc9890732f7946b410553678f045FB668;Binance Smart Chain;
;0xaaBa8dC6Ea216BEd8e27ff4C4fdef1179fB33820;Binance Smart Chain;
;0xaB38B08D03e8011b9bADb8472FB2a61D901754e1;Ethereum;
;0xab94aD5b4e71A160664f3Aa86dF61B364FBa3f00;Binance Smart Chain;
;0xac4c73B0B45A69cc3A0E9378F481a4ffCE004117;Binance Smart Chain;
;0xacB9C61b02FFf9E6137b93514A135663578B779d;Binance Smart Chain;
;0xaCDF0C12f30e97a8f1a4A6F7e967B69d61E60a5a;Binance Smart Chain;
;0xad447C0698aFE4BCcaC69Fc589a19BEFd0a12ed8;Binance Smart Chain;
;0xaD4489f64a8be791294116D3E99D2721C7f0a72A;Binance Smart Chain;
;0xad5240b6780555E4a177c39280F2fA6F4C87C2a9;Binance Smart Chain;
;0xAE151Eeb1E090673F0Bf077254c5C3FE9911E167;Ethereum;
;0xaE2134B0836A61311fADb7f473BE553bD5240f19;Ethereum;
;0xAEc1176B63C82B09281cb3Fddf610a551A7750D5;Binance Smart Chain;
;0xAED03dDEa973e8e50AC285f7636c15cffA5722B4;Binance Smart Chain;
;0xAF3D4423bbebF4198a66f27009cC1A286282ead5;Ethereum;
;0xAF7C7b0d0739217C80A277F2Db254FecDb88494f;Binance Smart Chain;
;0xAfA677370F7196D186Fb596C6C5000e5255EeC3C;Binance Smart Chain;
;0xaFe8fcF13821CB259B982008d4e2d90C93bDF3F7;Binance Smart Chain;
;0xafFD0fd243EF018E1410e5264B8b127a0Ab5419A;Ethereum;
;0xb0B1bABf19DcEFbeb9018288203A61F44A4C66DF;Binance Smart Chain;
;0xb0bDDeF562255EE5957929cBC1Aa3990Ff265A4d;Ethereum;
;0xB0C3F2c3fA2CBBAF2f7d296bD41d8031672FDAF4;Binance Smart Chain;
;0xb0e95798C439b0796CeA52e380b545b1cBEE72Fb;Binance Smart Chain;
;0xB10bd8B6B618FeDb4Be7b22278a305600B76dFF7;Ethereum;
;0xB114e40385fD04749D3c1dd1550Df68bAB1FBb59;Binance Smart Chain;
;0xb137c4b37b34c012396055aca5a5a0d58e07c0a3;Binance Smart Chain;
;0xb169A949c22Bd4826e8A84E12124aBCb40f2F7A6;Ethereum;
;0xb188219917e248381E1914F1e5D89e9f5E70e03E;Binance Smart Chain;
;0xb18B0a5884ca2b86eEed964c9B573598b74Ef27A;Binance Smart Chain;
;0xB197cdCdDaC9972B09740aF99097dAf6e6b71B36;Ethereum;
;0xb1ac9db0d6a1ec291f427ad03fc3b632e1e93a56;Ethereum;
;0xb218BbBbb916cdbE26eABbefBD61C5A169E65368;Ethereum;
;0xB27cc46A9430aF5047d853aa3de8fad1F2C80486;Binance Smart Chain;
;0xB37782d8226665Cd9eB3674c458Fe54e930c9E26;Ethereum;
;0xb45C90d9C65e21c3F28E041FF6B9C39c24901dFC;Binance Smart Chain;
;0xb46Dd1a2aEe6d757498ec1a31934e48aCC0aa24B;Ethereum;
;0xb5026494ea932cBd161c46392ffD7A2855Ca05Af;Binance Smart Chain;
;0xB5116879Ee7EB0a495687a1047F91c3d08cB5a4f;Binance Smart Chain;
;0xb692eb061Dd9330Ccd4296aB1cc2754C21a667A5;Binance Smart Chain;
;0xB6a2E160f47A0909a0F0464093De3DA183cf2310;Binance Smart Chain;
;0xb6b05c5dB178fF2d3f3bB61Ec6582027103dc713;Binance Smart Chain;
;0xB6b95b44d5ECA79064Dfd7A75c62E7ABA7E0b920;Binance Smart Chain;
;0xB6d3f44d325C35e8434BF389eFD9eE83B19dED54;Binance Smart Chain;
;0xB6FAbFA39692D818C14860895aC15660Ed432302;Binance Smart Chain;
;0xB70881a906C060E5A16aF343806Ac5cbF71881f4;Ethereum;
;0xB7767355aa657b3Ed66f0de24dA5018a5E2862bd;Ethereum;
;0xb7A0BFB92f4f5Afb1A3BD04D7acB6e871547956f;Ethereum;
;0xb8E6007648da333B52Fd3E15351969DD2F55907c;Ethereum;
;0xb92b21A0BB157233d55597F421244D6B4e51D3ea;Binance Smart Chain;
;0xB9641eD31f82C1Cfe511c19e82B3B8Cd87A2e3CF;Ethereum;
;0xba7538eFECa03F552ADf8C7d415fDf4A09e2AA52;Ethereum;
;0xBA7563C964eeffe447D403954dF8665353b750D8;Ethereum;
;0xbA7D1174E40B70B257c75e5703B7Bc6793E4BFF1;Ethereum;
;0xbaDc05d8c835e700e0A5bB916eB9771e24294b6B;Ethereum;
;0xBB4294Ba23a907f973E57A84c03f06d3b0B00D6e;Ethereum;
;0xBB8B46D3500766BDEC30119576Dd3E89266f06f7;Ethereum;
;0xbc732DB7E6e47acAEe893d5686906Eb0bE6E47BE;Ethereum;
;0xBC8eC6306F447A9768dA5F91ccF79a0CFe76f0Bb;Binance Smart Chain;
;0xbCA920d946CcF181609D3bf39877385a16DF8ADc;Binance Smart Chain;
;0xBd6f006215aD66753aE118883018897335A7d8a4;Binance Smart Chain;
;0xbd70dCc860d6A53D1ef843d90a4b9F781196774C;Binance Smart Chain;
;0xbDA966d2fEEE459d21B568b0B6834E30b2ffda8f;Binance Smart Chain;
;0xBE74D662da5D17C9CDc9FaEe7aDd288069E30abF;Binance Smart Chain;
;0xbecB5d3b96b8070AA96ceA1CD7CEDa7E73fE1621;Binance Smart Chain;
;0xBed78062bC1E211606CbF8a186B5121d9B2Cd654;Binance Smart Chain;
;0xBef4cF95533FE98Be219dEF76E5Dd0b659C1f23F;Binance Smart Chain;
;0xBf1Ff9528b44094e8054035F2f3aEf5A30CDFcEF;Binance Smart Chain;
;0xbF3E0393B07e12500DE615C820f12d081498ee33;Binance Smart Chain;
;0xbFa56Df0D9c71E5a75FFDfCEF1dA669df97Bfa89;Ethereum;
;0xC04be3860e35D34D12995F36D41306feFdF63455;Ethereum;
;0xC04eeFBC6bb27fdf090546D03Ed5d2999C72F5e1;Binance Smart Chain;
;0xc074199613AE34054FbCF122D2DF34846A5244cA;Binance Smart Chain;
;0xc0b26c630280762eCcad2BF0532330D0EfC3B4c1;Binance Smart Chain;
;0xc0BDA21e43de81ECDF525F04b20D6Dcd09c1235a;Binance Smart Chain;
;0xC0D4CeaeBeed7e0D822594A85F8a628dF2f5B9AD;Binance Smart Chain;
;0xc0D773CA30871fEF7C21ceDfa60D380215d45A3D;Binance Smart Chain;
;0xc14eF3c3BC58BF24670E7636b53F136fb0433b2d;Binance Smart Chain;
;0xc1d09765499ff8b4e54cd1c9eaf34c4428c23829;Ethereum;
;0xc1E8378Af6b6aa2386012Fa40290282D53e740E5;Binance Smart Chain;
;0xc2304aE327De6Ae33182f4078AE2BA87c8f8c4C4;Binance Smart Chain;
;0xC2838c5F882f43958ac6993b5195618595C3F283;Binance Smart Chain;
;0xC290f9607C5E598d9b7F6548813b489B9382eCF7;Ethereum;
;0xC3D8beB4662dCFCABe95859cD5bE08e9a29Af83e;Binance Smart Chain;
;0xc3deadbb116f7Fbb922bE09cC554D3c4A1744044;Binance Smart Chain;
;0xC4821FA01D318831032db7940Fa8Ab044376D4C5;Binance Smart Chain;
;0xC4d8f033b6a480eCd74EC6F3064bf928bEf6Cbf0;Binance Smart Chain;
;0xC52B32709966fCcB9179AD9C3c794A2F76580f96;Ethereum;
;0xc595b022d53DBFA9a0C9b2C318D544Ad02DE6406;Ethereum;
;0xc5B35FF8DC087D09A9A802deA8EFD8dAbd88cA8C;Binance Smart Chain;
;0xC5CbA993B861777136e5ae66db82877e73c18991;Binance Smart Chain;
;0xc5E4dea31B8FedCdB9b24eE98F9281F18536eF80;Binance Smart Chain;
;0xc62C3864BbB8365B6251185ac9A16ddDcDD14d87;Ethereum;
;0xc6b8e40a8CCd79D99345FfA1D84deBfaeb2dB3a0;Binance Smart Chain;
;0xC771d2F0F04bBfc9F243fe12ece0c16055D6Cd6B;Binance Smart Chain;
;0xc79Bd3a1cf2E6935136A4a9833f1aa67aE67D9aA;Ethereum;
;0xc8004F5de665ff2Ac661450EDe686f6f0947C20f;Ethereum;
;0xc80c510EBc42302392a4C70729BC5D51cB65257a;Ethereum;
;0xC825C4ed0cE2607939A201f12b591f015d634090;Binance Smart Chain;
;0xc8556aDBf739Ed794393AbcAaAa27A798fa22787;Binance Smart Chain;
;0xC8AEC25691CE21Dcc905855C1162bF0bdCE8CD55;Binance Smart Chain;
;0xc8D741548448a40670c1243a123B46410cD6dCD5;Ethereum;
;0xC9A3592a5F37cd53206231491D03ECf33D70eC30;Binance Smart Chain;
;0xC9b359A287A06a22BF8154E6eA0deA5CB0fcD8cb;Binance Smart Chain;
;0xC9C7483cAd92f36feD88A6653e69028CEF814660;Binance Smart Chain;
;0xC9e9457b95a71524361c5b5c215376085e5266D5;Binance Smart Chain;
;0xcA1Cda2e595e835555B0735e633389e69085c3e7;Ethereum;
;0xcA3D5911A17Cd89E306804Ab7D26C0F2A4aD3340;Binance Smart Chain;
;0xcaAaDdA6c4F21F7b658E5CFAfE21342EEEA48476;Binance Smart Chain;
;0xCb31f0beCfc9D011676E7F84CbCD10fe4717f252;Binance Smart Chain;
;0xcb89B089c3FE69C507FEBCea5717bce5faBc584b;Ethereum;
;0xcbad35177C8666cD668dF141b957462BBf893708;Ethereum;
;0xCBc280853B83dD458a26BDe2AF8c5dE31Da422E7;Ethereum;
;0xcBC751186342A23f4304607B86A56F0ED879B978;Ethereum;
;0xcC2B80130Cf31D4Aa141fa938DeFe6F7ec436FCe;Binance Smart Chain;
;0xCC450a6600cb89c95aA8Bd662BD6a0D210489371;Ethereum;
;0xcCAdb7e9bf311Fb80e2E77a2fa75c4d00E67431A;Ethereum;
;0xcCd7D496840ce0d7D47f37A6C407952644582379;Binance Smart Chain;
;0xCd3514994190a5A47C577134C0742b99c180D4d7;Ethereum;
;0xcD4Ed4E4DE914e77b7C07e83A75eCb667911128b;Ethereum;
;0xce0b0C945E4DA0bFf993c2665Ef513112c1D1CD7;Ethereum;
;0xCE360423cEb49C4c93a70Ee7f2d35c2d16d18e07;Binance Smart Chain;
;0xcF54f040936Df968Bc7CAE732903C926aF3C0E20;Ethereum;
;0xCF5f03D5A38a41A805e078763c5Dc90619a13FaD;Binance Smart Chain;
;0xCf63e0a5408E9822a42635f25973cDA892fb5C8a;Ethereum;
;0xD024C44054E7790a7916D9C95628f565625d31B8;Binance Smart Chain;
;0xD03270f2B2F6Eec2Cc2d94b59d8B560f8990220E;Ethereum;
;0xd088b055581e353d797AbF430a641b810CF02C3d;Binance Smart Chain;
;0xd0e986f506A037c25358fa63f49C6984a0c5370c;Binance Smart Chain;
;0xD12E7a0bD654C1828d46f7975C9c8cEcD1c62274;Binance Smart Chain;
;0xD1d98dAbD68DA813cFfc26C3B6b1ab8E3c72feba;Ethereum;
;0xD2a04BF3cF5b745241E18047746eB448491D1b8a;Ethereum;
;0xd3cf268551330C5f6BfD8993Aec01e0baBFb150E;Ethereum;
;0xd490a652433D94bD3ad98eAE707C2C7318A5f473;Ethereum;
;0xd4af215dCD2e1eA115BB0577Bb0dEEBdC478e86C;Ethereum;
;0xd4BBeCAF063B104E8137192A7327dA58F529a0C9;Binance Smart Chain;
;0xD5520354A956A736F67c3F03c7755Ff0486D9F0e;Binance Smart Chain;
;0xd61D756aC1c526De9723fB76044E91e855a172B9;Ethereum;
;0xD67A4Bf391026baD7F4F3467397d1c6e63C2e6E8;Ethereum;
;0xd6899008A6f6808Be219812C16124359437894cE;Binance Smart Chain;
;0xD6aa4dcC1e79D8477a1fCe7E99093e779D279a0A;Binance Smart Chain;
;0xD71FE01201C5f6A5cf3e4Ee0a39C2A510255A66D;Binance Smart Chain;
;0xD771D8A48fAd6B3Ce6A8a55651c0cb6Ad3f2d722;Binance Smart Chain;
;0xd7f136be5eB9762034727e77c6D09B1F42e3321A;Binance Smart Chain;
;0xd89d90CC8c376bc7d834c57E4F9fa836152e2c21;Binance Smart Chain;
;0xD8AB52Eda6a7132298aFd38F93Ab4BDf26B7c280;Ethereum;
;0xD8D13070a3315040D25EF2F24c04163Da9255316;Binance Smart Chain;
;0xda76ffdb5dfcd35840ce6d951c55e4b9fc3cd7f3;Binance Smart Chain;
;0xDab6AdACCaf60960E9B9C0c32C3C8C564F2db890;Binance Smart Chain;
;0xDaC6eDD71315b80FfEc239BA9B7ED4A6D138aAEd;Ethereum;
;0xdaE9A34d87447a96B003aB4e8d33c39d8ebA3F8F;Binance Smart Chain;
;0xdB19f9BB262ddB138757eaBD16553b20E35B7850;Ethereum;
;0xdb2fbf42f047e2451B800c8874e56D5659a24b69;Binance Smart Chain;
;0xdb3595261F13588fDB7003e28c84d0C60b35E851;Binance Smart Chain;
;0xdb534BAB6b7d0690f412395B18bD3df078ECfe2d;Binance Smart Chain;
;0xDBDAd75713684A7a9A61EdCCD3a305a0207f4D90;Ethereum;
;0xdC217558Fd61ca0be9c32b9b1E63b354C1f5f4EC;Binance Smart Chain;
;0xDC6beB8453F03323F4fD003f1423cEd369E2045C;Ethereum;
;0xdd2cFAE012cB24368236af8212bE5c536994E408;Ethereum;
;0xddc99f56caD1bBe9dF6eEb1147a74E85C497A2B1;Binance Smart Chain;
;0xdDE3CA351d85A4b4cC6aFf8D42c0840959859053;Binance Smart Chain;
;0xDdE4cdd968C85207F6796542276aB3a0780c0797;Binance Smart Chain;
;0xdEE0a802f08390e7Ba32837a14D73722d35E2411;Ethereum;
;0xdEe8EcFD1b19aBEF66cD2c57E9b26a18E2DDf8f8;Binance Smart Chain;
;0xdf2810E17742cE5366CfA15AD89e93733B541328;Binance Smart Chain;
;0xdf4C9088cae0A07B8F1F5efd8B79A4e750EC3945;Ethereum;
;0xDF69457d99C1acD279A02794bfd31D9a5d1a6847;Binance Smart Chain;
;0xDf6A08c442a434a0BA85747962875c2e009e7A1f;Ethereum;
;0xDf887c446A0573Fa17ea62Ae0c922d91eB033B51;Ethereum;
;0xDFA6cf7d55E2d4E96bC73F0C7f287C1F5eB1c730;Binance Smart Chain;
;0xdFD5477E42bD164610599471aA848bC9fAC1703C;Ethereum;
;0xE03Bd3Cc3c646ace450F740C6317c5AFA7FCafA6;Binance Smart Chain;
;0xE05E96B9F1bCDd88C75C4B14F867fDD13702dAFe;Binance Smart Chain;
;0xe0886d78834d088861c8d49711b281a5479cd804;Ethereum;
;0xe09A4684d0481df72Af26F2a210E64180DB16a47;Binance Smart Chain;
;0xE13e0dceaDe0B849AC5Aa3c2520e766d6c7f38AD;Binance Smart Chain;
;0xe1442612771a25b1bfc13bce6f827ad4c75e6d88;Ethereum;
;0xe15855Aaf81Aa33D3C07D5B2CcF0cc80dBAC7e42;Ethereum;
;0xe162695eefc761cb67c119d9288ef0270b474f5e;Ethereum;
;0xE181BA5bFE2bE235710984890C98226CFf7Fe737;Ethereum;
;0xe26211851E76370091004bf543121e967A56A0e2;Ethereum;
;0xE281fC293c1A647119cC6d6743669649611f49f5;Ethereum;
;0xE29f75e5BcDAB7907FA1e3c402b7F7a2C3e08136;Binance Smart Chain;
;0xE2Ea0a384bb20BA4e000c64FFE9Ee14F642270f2;Binance Smart Chain;
;0xe2f0Cfd3d6185e9863F84D216af8424E7ACAc39d;Binance Smart Chain;
;0xe3bdaa9fFC03f8AA3F51168c5205E445ab216F15;Binance Smart Chain;
;0xe401Ad8A1635B107fF22bd296D2F927D77B50322;Binance Smart Chain;
;0xe442145711Bf3c56452F0dcc730f3ad65Ce230Cc;Binance Smart Chain;
;0xE45953584370ae95B973AECC64022188b81bE1c5;Ethereum;
;0xE46366Aa8CCDd501745a52d432A68D8463D6CDE5;Ethereum;
;0xe484b02d155e0A23e5E0574585E60E6757697E08;Ethereum;
;0xE4FFD28cA071F84897d59D52B7A9D394202A3A8a;Binance Smart Chain;
;0xe5112c9E0b7aCa734480123Ae074e6C5686C063c;Ethereum;
;0xE5164448218aBCC7D59fAC6beF6895D7a65f5643;Ethereum;
;0xE5D6F1104160c608F1808D870708E1009556aB1c;Binance Smart Chain;
;0xe5d81171D523cc6E68F5348710F3a62b2c6e795c;Ethereum;
;0xe5d81171D523cc6E68F5348710F3a62b2c6e795c;Ethereum;
;0xe5dA4600b8af96BD9f0E4E18BeeB01F3a27EC676;Binance Smart Chain;
;0xe61D6538c850725199ECd825d4e5de898991901a;Binance Smart Chain;
;0xe6F973db218cB6F8d7642B4B8fBbE5201F502e1a;Ethereum;
;0xe76d0d3c7aF5fa2C0806F221cBA88d7E044178AA;Ethereum;
;0xE773d4a78B2153C6Ae21246eDfb4218FbeE49aAD;Binance Smart Chain;
;0xe7ab95eaDfc3893c047E854B4666338Ee80AAB38;Ethereum;
;0xE8aA9ee6fcFb22293C0f01BD4e11d3aD574d4f9D;Ethereum;
;0xE8E61Db7918bD88E5ff764Ad5393e87D7AaEf9aD;Binance Smart Chain;
;0xe92A7c379FAe71FbA24070A00f0d79e3577b817d;Binance Smart Chain;
;0xe92ccCC3B2639e8D17d8809DA5B306216772F2Bf;Binance Smart Chain;
;0xe98810c045b720d0e6b56C378e51235de41f36e1;Binance Smart Chain;
;0xe997d3f0814A437004760190D4FE70Fa4045862D;Binance Smart Chain;
;0xe9B7a7DB50F995ff9383723D490B7321Eb30C158;Binance Smart Chain;
;0xe9cEb40AE8DffC9694cF9b3d607711C82e6c01c4;Ethereum;
;0xEA21b3dDDC437a99141de436E33e73Fb4526cE9B;Binance Smart Chain;
;0xEA6F1DcDB06BD36AC1f8df137d1263446865ab7A;Binance Smart Chain;
;0xeb62654910AD5a34bF4627bF458e688F84e66160;Binance Smart Chain;
;0xeBb1828AfCc68aA545d1E93309C7d3A8Fb07F005;Ethereum;
;0xebd45c6e5dC27860d5Ba56c468faFfeFE652A79f;Ethereum;
;0xebDeA0159E397B46E0Ec35d68DDba57897a2121b;Binance Smart Chain;
;0xEbea04C0235251380FCd5DcfB5e5d8B9F4205500;Binance Smart Chain;
;0xEc0A9996feC2F38Cfda6c307C22c8ee7305EEC56;Binance Smart Chain;
;0xeC54022E5Fe0B4BeCab179448931f32A3548B007;Binance Smart Chain;
;0xeC8dBB834DC16A8291BA95465Ed1e5D679140e03;Ethereum;
;0xECDF9da122bb394E3B72d711bf1265bC5744a435;Binance Smart Chain;
;0xeCF17D4dadcb832e2088f32e20Ba19678E5732FE;Binance Smart Chain;
;0xED16B62f1826cBdC95cB200196C7cDE0403a0f4B;Binance Smart Chain;
;0xedA452817A24aEa26E6E90cd6F614C121A3fb014;Binance Smart Chain;
;0xee2e96e50a04b77D9B9530b6bFA51e802a0d47c0;Binance Smart Chain;
;0xEE3D18358F982DB373D634DFf60cE62409B4EAaE;Binance Smart Chain;
;0xee68038fF90e67e4315b72840dbb5D685FE91B17;Ethereum;
;0xEfDf3A6f9ff7e3e4452928d32970b94008f8D9Bf;Binance Smart Chain;
;0xF0029D065f6ceBEC6C245F1D97aDBb979eb7Dd0e;Ethereum;
;0xF007AF3748AD93B4F045306a3b09E07F0191929A;Binance Smart Chain;
;0xF0Db958A00aA87bA1788DD81b49c9D091d668d16;Ethereum;
;0xF0ea58b65c82c48ce69f0ABD68D178e7764C4bA2;Binance Smart Chain;
;0xf1A496317368b028c2578F32F151bD1745047b98;Binance Smart Chain;
;0xf1E5a0e1B30c88fEf2BF3bA95e45A0b486B95a73;Ethereum;
;0xf27B173b8B24561f040e5Efd37b4ba28Fd465040;Binance Smart Chain;
;0xf30D3AE984590b8285685C63Dc2dC7b8a65825F4;Ethereum;
;0xF321eD95Bbd3776a7c7d6592d989Fae98EaE4560;Binance Smart Chain;
;0xF3300291704551BfD0ABB467bc9DDe8Db535c360;Ethereum;
;0xf3D002b22e8Fd57807834aF638560337570F3435;Binance Smart Chain;
;0xF3D39d852D513246c1D627A664d2e1bbA94A8859;Binance Smart Chain;
;0xF4527B7A3c535f14B480b124F6ee0C66266cCF4c;Binance Smart Chain;
;0xF4C8eA4dD0707e98Bdc860Deb3903F1128bA94Bf;Binance Smart Chain;
;0xf4ecA9105abbA9F22B1155b121a817660818eF9C;Ethereum;
;0xf51542af380ef8F8E8A76Ba512b317B35DeFb2aE;Binance Smart Chain;
;0xF56188aC23C57FD9ccC55Ea76e542b86e46B9a51;Ethereum;
;0xF5FB1cCa28137c1Bf274660Bf49CBB6307fCb778;Binance Smart Chain;
;0xf6761b9fe9fd1281884125A06c1c0258e8E86595;Binance Smart Chain;
;0xF6a441Db6Ec3666e6A1b1E3c4be411E08ff2067F;Binance Smart Chain;
;0xf6a738D2E053e6bA7bDc6E82d018334B067e0974;Ethereum;
;0xf6C0DD57DD4dB03CC898AD396bB7C8Ceaf554D30;Ethereum;
;0xf6c927C0D8f4bFf0D505b053253954DBccDec43b;Binance Smart Chain;
;0xf75f073d6F2bb533bCF43d28607BE94240807De0;Ethereum;
;0xF769c75718F5f7022F86B0Cff0d20077d2E096a9;Binance Smart Chain;
;0xf819cc4bB94585ed1e3573c4315C21bAE74EF529;Ethereum;
;0xf8A63c05eB4820d4a582F45642077E13F6F8A549;Binance Smart Chain;
;0xf8C692C7DF54fBce948e423bA3b04738b772553b;Binance Smart Chain;
;0xF8d870C2B7F63E9af2EC1E4690cBE196c05Efc7F;Ethereum;
;0xF92A1bc8B5fAB2D3E60adcEfB50a63d8e9a312FB;Ethereum;
;0xf948aF4Faf50D9CF0f27eBCE0Fdb86667B57548E;Binance Smart Chain;
;0xf9992D2F38B9c2cFFB14E3009DAeaBb1747D64da;Ethereum;
;0xf9a312e9EAFCa01bBB28395626e54C38B1db1B96;Binance Smart Chain;
;0xFA330e2bE72eBBcEd58305e8796D43Cefe21f0d7;Ethereum;
;0xfA7116301aF40f0f1DC37757A58789813890EB11;Ethereum;
;0xFA865ac3CAEfBa50c29360fb096f7D8176E02A17;Binance Smart Chain;
;0xfa98bCb727c284897f4fD75BEabC9201011D0e93;Ethereum;
;0xFaa9460c8f2610DFdEBC6E883F46286bd37427d6;Binance Smart Chain;
;0xfb1522885D1A765bF9A2709A4fE49297bB0412D4;Ethereum;
;0xFb16f7aB53ca5E674274e3824395B31ca5d325F6;Ethereum;
;0xFB884e55644ae7289553983d822D3f12D1Becd0C;Binance Smart Chain;
;0xfB953D5c69bB04461b74e13655072eaE8fB384Da;Binance Smart Chain;
;0xfC1E952FF802275Fd94BF9D88cf19Ada0e3DC8A2;Binance Smart Chain;
;0xfc2b0ea4f1910833db4fdc7ecab54c8b93fb956f;Binance Smart Chain;
;0xfC7AeBec1109e72fF1cB77a4De88e99DbeBFAc09;Ethereum;
;0xfC9733644b21F3798547D6d8b5C8549f9d05Ad49;Binance Smart Chain;
;0xFc9cEE81252A2823bDE65352d6C535B40aDA5640;Ethereum;
;0xFcD627fA5CC983FCd52c45DCA469275B8Ac7BB63;Ethereum;
;0xfD03bdAC6895ACad03Dbf0eB343aAB5A7373CD1B;Ethereum;
;0xFD432fDe40256cf0afad2a9353431C62f0c0f8cc;Binance Smart Chain;
;0xFD78C49CCC1BEaf9fb962cd8df56A3Bb98EdA6F4;Binance Smart Chain;
;0xfd7d1b7d8644F32b57c2736C9557240dD5e05475;Ethereum;
;0xfDAC4F55C0d5bBe1136D3fA958521ebb7467402a;Binance Smart Chain;
;0xfDCC8A1045cD2D6d8B499C2e31085aED90C5B84F;Binance Smart Chain;
;0xFdD88bd717d4A70dcce5f4A762Db1A4C219337a0;Ethereum;
;0xfDd8AC2D0b108788368b11352a6Ee0D4bd5717AD;Ethereum;
;0xFe108a63f4c90868E58F3C0E569D5a2F07bc0914;Binance Smart Chain;
;0xfe6DAe10Fd6bA16192A907e80048894F146dF250;Binance Smart Chain;
;0xfEdDE14Ac70eD6aEc56f955d204355196427e09f;Binance Smart Chain;
;0xFf014DEcf114e6d99D863d1e9eB7Bf7A8DE08235;Binance Smart Chain;
;0xff36a97Ba095c69698f8E1059b17b9A061732EF9;Ethereum;
;0xFF87CE310a09AcC3E833C2c2f73620A7EAd88786;Binance Smart Chain;
Published byGoogle SheetsSignaler un cas d'utilisation abusiveMise  jour automatique effectue toutes les 5minutes;;;
